model,pr_auc,tau_f1,f1_at_tau_f1,tau_f2,f2_at_tau_f2
RF,0.8163240781619302,0.2663316582914573,0.8352941176470589,0.2663316582914573,0.7802197802197802
