model,pr_auc,tau_f1,f1_at_tau_f1,tau_f2,f2_at_tau_f2
OCSVM,0.2617688824003222,0.9849246231155779,0.2714570858283433,0.9849246231155779,0.43256997455470736
