model,pr_auc,tau_f1,f1_at_tau_f1,tau_f2,f2_at_tau_f2
LGBM,0.8146319260908899,0.2864321608040201,0.8295454545454546,0.2864321608040201,0.7917570498915402
