model,pr_auc,tau_f1,f1_at_tau_f1,tau_f2,f2_at_tau_f2
CAT,0.8107445873579048,0.9748743718592965,0.8333333333333334,0.9748743718592965,0.7726269315673289
