model,pr_auc,tau_f1,f1_at_tau_f1,tau_f2,f2_at_tau_f2
LR,0.6784774283943881,0.9949748743718593,0.7246376811594203,0.9949748743718593,0.7621951219512195
